Workbook

Sheet Grid_Search
A1: Stop Loss | B1: Take Profit | C1: Trades | D1: Win Rate (%) | E1: Avg Win (%) | F1: Avg Loss (%) | G1: Profit Factor | H1: Sum of Trade Returns (%)
A2: 10% | B2: 12% | C2: 32 | D2: 71.88 | E2: 8.21 | F2: -8.74 | G2: 2.4 | H2: 110.33
A3: 10% | B3: 8% | C3: 33 | D3: 72.73 | E3: 7.09 | F3: -8.74 | G3: 2.17 | H3: 91.6
A4: 7% | B4: 12% | C4: 38 | D4: 63.16 | E4: 8.28 | F4: -7.98 | G4: 1.78 | H4: 86.84
A5: 10% | B5: 5% | C5: 34 | D5: 73.53 | E5: 5.41 | F5: -8.74 | G5: 1.72 | H5: 56.56
A6: 7% | B6: 8% | C6: 39 | D6: 64.1 | E6: 7.2 | F6: -7.98 | G6: 1.61 | H6: 68.12
A7: 10% | B7: 15% | C7: 30 | D7: 66.67 | E7: 7.75 | F7: -9.77 | G7: 1.59 | H7: 57.27
A8: 5% | B8: 12% | C8: 46 | D8: 52.17 | E8: 8.61 | F8: -6.17 | G8: 1.52 | H8: 71.01
A9: 5% | B9: 8% | C9: 47 | D9: 53.19 | E9: 7.52 | F9: -6.17 | G9: 1.39 | H9: 52.29
A10: 7% | B10: 5% | C10: 41 | D10: 65.85 | E10: 5.45 | F10: -7.98 | G10: 1.32 | H10: 35.35
A11: 7% | B11: 15% | C11: 36 | D11: 58.33 | E11: 7.84 | F11: -8.72 | G11: 1.26 | H11: 33.79
A12: 5% | B12: 5% | C12: 49 | D12: 57.14 | E12: 5.79 | F12: -6.19 | G12: 1.25 | H12: 32.19
A13: 3% | B13: 12% | C13: 53 | D13: 33.96 | E13: 10.05 | F13: -4.31 | G13: 1.2 | H13: 30
... A17: 3% | B17: 15% | C17: 51 | D17: 27.45 | E17: 9.34 | F17: -4.69 | G17: 0.75 | H17: -42.86

Sheet Heatmap
A1: Stop-loss / take-profit grid search
A2: Tuned on 01 Jan 2024 to 31 Dec 2024. The chosen pair is then tested on 01 Jan 2025 to 31 Dec 2025.
A3: ="Highest profit factor: SL "&INDEX(Grid_Search!$A$2:$A$17,MATCH(MAX(Grid_Search!$G$2:$G$17),Grid_Search!$G$2:$G$17,0))&" / TP "&INDEX(Grid_Search!$B$2:$B$17,MATCH(MAX(Grid_Search!$G$2:$G$17),Grid_Search!$G$2:$G$17,0))&" (profit factor "&TEXT(MAX(Grid_Search!$G$2:$G$17),"0.00")&" on "&INDEX(Grid_Search!$C$2:$C$17,MATCH(MAX(Grid_Search!$G$2:$G$17),Grid_Search!$G$2:$G$17,0))&" trades)"
A5: Profit factor | H5: Win rate (%)
A6: SL \ TP | B6: 5% | C6: 8% | D6: 12% | E6: 15% | H6: SL \ TP | I6: 5% | J6: 8% | K6: 12% | L6: 15%
A7: 3% | B7: =Grid_Search!G16 | C7: =Grid_Search!G15 | D7: =Grid_Search!G13 | E7: =Grid_Search!G17 | H7: 3% | I7: =Grid_Search!D16 | J7: =Grid_Search!D15 | K7: =Grid_Search!D13 | L7: =Grid_Search!D17
A8: 5% | B8: =Grid_Search!G12 | C8: =Grid_Search!G9 | D8: =Grid_Search!G8 | E8: =Grid_Search!G14 | H8: 5% | I8: =Grid_Search!D12 | J8: =Grid_Search!D9 | K8: =Grid_Search!D8 | L8: =Grid_Search!D14
A9: 7% | B9: =Grid_Search!G10 | C9: =Grid_Search!G6 | D9: =Grid_Search!G4 | E9: =Grid_Search!G11 | H9: 7% | I9: =Grid_Search!D10 | J9: =Grid_Search!D6 | K9: =Grid_Search!D4 | L9: =Grid_Search!D11
A10: 10% | B10: =Grid_Search!G5 | C10: =Grid_Search!G3 | D10: =Grid_Search!G2 | E10: =Grid_Search!G7 | H10: 10% | I10: =Grid_Search!D5 | J10: =Grid_Search!D3 | K10: =Grid_Search!D2 | L10: =Grid_Search!D7
A14: Sum of trade returns (%) | H14: Number of trades
A15: SL \ TP | B15: 5% | C15: 8% | D15: 12% | E15: 15% | H15: SL \ TP | I15: 5% | J15: 8% | K15: 12% | L15: 15%
A16: 3% | B16: =Grid_Search!H16 | C16: =Grid_Search!H15 | D16: =Grid_Search!H13 | E16: =Grid_Search!H17 | H16: 3% | I16: =Grid_Search!C16 | J16: =Grid_Search!C15 | K16: =Grid_Search!C13 | L16: =Grid_Search!C17
A17: 5% | B17: =Grid_Search!H12 | C17: =Grid_Search!H9 | D17: =Grid_Search!H8 | E17: =Grid_Search!H14 | H17: 5% | I17: =Grid_Search!C12 | J17: =Grid_Search!C9 | K17: =Grid_Search!C8 | L17: =Grid_Search!C14
A18: 7% | B18: =Grid_Search!H10 | C18: =Grid_Search!H6 | D18: =Grid_Search!H4 | E18: =Grid_Search!H11 | H18: 7% | I18: =Grid_Search!C10 | J18: =Grid_Search!C6 | K18: =Grid_Search!C4 | L18: =Grid_Search!C11
A19: 10% | B19: =Grid_Search!H5 | C19: =Grid_Search!H3 | D19: =Grid_Search!H2 | E19: =Grid_Search!H7 | H19: 10% | I19: =Grid_Search!C5 | J19: =Grid_Search!C3 | K19: =Grid_Search!C2 | L19: =Grid_Search!C7
A23: Orange outline = the pair currently set in strategy_config.py (SL 10% / TP 5%).
A24: Every cell is a link to the Grid_Search sheet. Pairs with fewer than about 30 trades are statistically weak.
A25: Sum of trade returns adds up per-trade percentages; it is not portfolio growth.
